user_tweets_count,user_friends_count,user_followers_count,retweet_count,reply_count,quote_count,favorite_count,family
7196,1048,21575,2,0,0,26,Archaeognatha
151469,6487,29757,1,9,1,32,Blaberidae
0,0,0,0,0,0,0,Ectobiidae
375846,7042,8119,1,4,0,10,Blattidae
30854,1232,255,0,0,0,0,Cryptocercidae
28,10,4,0,0,0,0,Nocticolidae
0,0,0,0,0,0,0,Corydiidae
0,0,0,0,0,0,0,Amphizoidae
38,215,34,0,0,0,3,Aspidytidae
1362038,81976,361260,129,61,15,885,Carabidae
649415,23883,66522,32,21,5,270,Dytiscidae
25520,3575,23347,12,5,2,133,Gyrinidae
7629,646,547,1,0,0,26,Haliplidae
0,0,0,0,0,0,0,Hygrobiidae
72,92,13,0,0,0,0,Noteridae
0,0,0,0,0,0,0,Trachypachidae
0,0,0,0,0,0,0,Cupedidae
0,0,0,0,0,0,0,Micromalthidae
0,0,0,0,0,0,0,Ommatidae
16161,1197,4680,16,0,2,40,Lepiceridae
24836,1712,1240,17,1,3,55,Hydroscaphidae
12245,1018,649,0,0,0,7,Sphaeriusidae
11885,466,251,0,0,0,0,Torridincolidae
0,0,0,0,0,0,0,Aderidae
0,0,0,0,0,0,0,Agyrtidae
0,0,0,0,0,0,0,Alexiidae
420436,6354,50351,0,3,0,38,Anobiidae
19490,907,1652,0,2,0,4,Anthicidae
200166,7858,24384,17,4,3,118,Anthribidae
0,0,0,0,0,0,0,Artematopodidae
87336,4285,11998,0,2,0,6,Attelabidae
178789,8574,10078,0,3,0,3,Belidae
0,0,0,0,0,0,0,Biphyllidae
0,0,0,0,0,0,0,Boridae
7197,2,136,0,0,0,0,Bostrichidae
360,552,398,0,0,1,39,Bothrideridae
0,0,0,0,0,0,0,Brachyceridae
112392,3795,21432,25,4,1,141,Brentidae
970751,13536,181102,22,17,2,199,Buprestidae
10168,1989,4925,0,1,0,6,Byrrhidae
37980,2583,2538,1,0,0,6,Byturidae
0,0,0,0,0,0,0,Callirhipidae
846051,12304,48057,10,7,1,35,Cantharidae
21124,55,154,0,0,0,0,Cephaloidae
2906417,63967,1214306,214,115,16,2275,Cerambycidae
0,0,0,0,0,0,0,Ceratocanthidae
720,1104,796,2,1,0,47,Cerylonidae
0,0,0,0,0,0,0,Chelonariidae
1254388,79536,600431,173,61,20,1132,Chrysomelidae
3000,3624,4074,4,2,0,31,Ciidae
6764,516,688,0,0,0,3,Clambidae
164710,7550,12080,13,8,1,138,Cleridae
6945660,114285,785329,98,61,16,721,Coccinellidae
8410,3809,4913,2,4,0,9,Corylophidae
32755,3601,4842,2,4,1,10,Cryptophagidae
7882,550,895,0,0,0,0,Cucujidae
4429415,31621,509066,129,41,19,907,Curculionidae
0,0,0,0,0,0,0,Dascillidae
266846,16416,68571,6,10,0,26,Dermestidae
0,0,0,0,0,0,0,Derodontidae
0,0,0,0,0,0,0,Discolomatidae
2332,1014,1869,0,1,0,4,Drilidae
0,0,0,0,0,0,0,Dryopidae
385010,22911,335901,22,33,4,418,Elateridae
34936,2517,1814,3,0,0,79,Elmidae
16332,4469,9726,53,5,9,254,Endomychidae
0,0,0,0,0,0,0,Epimetopidae
194696,5998,118517,22,11,2,226,Erotylidae
0,0,0,0,0,0,0,Eucinetidae
6930,1432,1849,0,1,0,4,Eucnemidae
0,0,0,0,0,0,0,Eulichadidae
360,552,398,0,0,0,7,Georissidae
84810,6944,9337,6,7,1,48,Geotrupidae
0,0,0,0,0,0,0,Glaphyridae
0,0,0,0,0,0,0,Glaresidae
0,0,0,0,0,0,0,Helophoridae
1188,109,555,0,0,0,2,Helotidae
13961,518,824,0,0,0,1,Heteroceridae
96390,5526,12921,1,10,2,34,Histeridae
8268,2325,3885,20,1,5,113,Hybosoridae
6863,1102,3027,1,0,0,14,Hydraenidae
6116,964,2880,0,0,0,13,Hydrochidae
226368,11623,49488,13,4,2,138,Hydrophilidae
0,0,0,0,0,0,0,Ithyceridae
7197,2,136,0,0,0,0,Kateretidae
7197,2,136,0,0,0,0,Laemophloeidae
1838319,48012,128451,63,156,4,436,Lampyridae
0,0,0,0,0,0,0,Languriidae
30461,5645,4168,0,4,0,17,Latridiidae
52665,8065,13362,8,2,0,20,Leiodidae
7917,1106,932,1,0,0,15,Limnichidae
4041043,50988,91142,317,126,16,910,Lucanidae
0,0,0,0,0,0,0,Lutrochidae
3761899,30715,110096,53,45,6,655,Lycidae
7197,2,136,0,0,0,0,Lymexylidae
0,0,0,0,0,0,0,Mauroniscidae
0,0,0,0,0,0,0,Melandryidae
257888,12598,118203,37,16,6,406,Meloidae
29716,5096,18513,2,1,0,44,Melyridae
3229202,277628,525801,29,195,7,723,Monotomidae
63226,475,3194,0,1,0,1,Mordellidae
35320,3616,8185,2,1,0,17,Mycetophagidae
54864,809,7434,0,0,0,1,Nemonychidae
163920,11217,37741,27,13,0,157,Nitidulidae
0,0,0,0,0,0,0,Nosodendridae
0,0,0,0,0,0,0,Ochodaeidae
55981,5052,5028,2,5,0,29,Oedemeridae
0,0,0,0,0,0,0,Omalisidae
0,0,0,0,0,0,0,Omethidae
0,0,0,0,0,0,0,Orsodacnidae
12617,3071,2618,0,1,0,0,Passalidae
0,0,0,0,0,0,0,Passandridae
0,0,0,0,0,0,0,Perimylopidae
77054,2206,5985,0,4,0,0,Phalacridae
154261,13541,128175,990,46,108,4421,Phengodidae
0,0,0,0,0,0,0,Phloeostichidae
0,0,0,0,0,0,0,Phloiophilidae
395,71,21,0,0,0,0,Pleocomidae
430,640,626,1,0,1,23,Prionoceridae
0,0,0,0,0,0,0,Propalticidae
0,0,0,0,0,0,0,Prostomidae
0,0,0,0,0,0,0,Protocucujidae
226,410,229,0,0,0,0,Psephenidae
42200,2410,8686,13,3,2,41,Ptiliidae
0,0,0,0,0,0,0,Ptilodactylidae
46573,5248,14127,6,7,2,42,Ptinidae
111965,3196,3253,0,3,0,7,Pyrochroidae
7197,2,136,0,0,0,0,Pythidae
0,0,0,0,0,0,0,Rhipiceridae
720,1104,796,9,0,3,56,Ripiphoridae
0,0,0,0,0,0,0,Salpingidae
1945725,50353,320522,522,61,43,1952,Scarabaeidae
67124,1873,7520,0,2,0,3,Scirtidae
12836,1216,2617,0,2,0,1,Scraptiidae
0,0,0,0,0,0,0,Scydmaenidae
681352,48487,78639,48,25,7,268,Silphidae
17827,1101,1063,2,0,0,15,Silvanidae
0,0,0,0,0,0,0,Spercheidae
0,0,0,0,0,0,0,Sphaeritidae
2640,3072,3676,2,1,0,3,Sphindidae
1007541,63083,490826,112,78,16,1392,Staphylinidae
0,0,0,0,0,0,0,Synchroidae
421242,13234,264122,65,23,9,445,Tenebrionidae
7197,2,136,0,0,0,0,Tetratomidae
5568,681,1025,0,1,0,0,Throscidae
7197,2,136,0,0,0,0,Trictenotomidae
19474,288,88,0,3,0,14,Trogossitidae
37872,244,83168,6,3,0,33,Zopheridae
0,0,0,0,0,0,0,Bourletiellidae
0,0,0,0,0,0,0,Brachystomellidae
2404,149,140,0,0,0,1,Dicyrtomidae
103781,6949,11221,1,4,0,13,Entomobryidae
625,540,149,0,1,0,1,Hypogastruridae
0,0,0,0,0,0,0,Isotomidae
5383,1102,1689,0,3,0,6,Katiannidae
11577,1504,5069,2,0,0,5,Neanuridae
0,0,0,0,0,0,0,Neelidae
0,0,0,0,0,0,0,Odontellidae
0,0,0,0,0,0,0,Oncopoduridae
0,0,0,0,0,0,0,Onychiuridae
0,0,0,0,0,0,0,Paronellidae
0,0,0,0,0,0,0,Poduridae
0,0,0,0,0,0,0,Sminthuridae
7197,2,136,0,0,0,0,Tomoceridae
0,0,0,0,0,0,0,Tullbergiidae
4238,135,11056,2,2,0,14,Anisolabididae
0,0,0,0,0,0,0,Apachyidae
0,0,0,0,0,0,0,Chelisochidae
7034,426,21184,0,1,0,3,Forficulidae
0,0,0,0,0,0,0,Labiduridae
0,0,0,0,0,0,0,Labiidae
0,0,0,0,0,0,0,Pygidicranidae
69015,117,363,1,0,0,6,Campodeidae
0,0,0,0,0,0,0,Japygidae
0,0,0,0,0,0,0,Parajapygidae
0,0,0,0,0,0,0,Projapygoidea
32751,349,1365,4,0,0,19,Acartophthalmidae
186199,15112,145690,326,28,56,1363,Acroceridae
127707,6864,20094,10,3,1,48,Agromyzidae
27886,78,1331,0,1,0,0,Anisopodidae
148898,11041,63296,1,6,0,13,Anthomyiidae
118,15,254,2,0,0,7,Anthomyzidae
0,0,0,0,0,0,0,Apioceridae
0,0,0,0,0,0,0,Apsilocephalidae
863332,49974,97309,169,37,11,627,Asilidae
0,0,0,0,0,0,0,Asteiidae
0,0,0,0,0,0,0,Atelestidae
0,0,0,0,0,0,0,Athericidae
0,0,0,0,0,0,0,Aulacigastridae
0,0,0,0,0,0,0,Australimyzidae
0,0,0,0,0,0,0,Austroleptidae
0,0,0,0,0,0,0,Axymyiidae
801740,48186,169042,29,39,1,193,Bibionidae
0,0,0,0,0,0,0,Blephariceridae
859354,64019,103621,36,40,1,366,Bombyliidae
0,0,0,0,0,0,0,Braulidae
703683,24093,94718,21,18,0,106,Calliphoridae
0,0,0,0,0,0,0,Canthyloscelidae
20093715,179082,173330,6313,340,45,19585,Carnidae
157554,4282,8483,5,2,0,24,Cecidomyiidae
100705,9078,4819,20,6,1,85,Ceratopogonidae
4330,482,374,0,1,0,1,Chaoboridae
1315569,18605,132068,20,22,0,113,Chironomidae
100503,6875,45184,11,15,1,144,Chloropidae
1803,124,66,0,0,0,12,Chyromyidae
0,0,0,0,0,0,0,Clusiidae
0,0,0,0,0,0,0,Coelopidae
233136,13198,49878,21,8,2,82,Conopidae
0,0,0,0,0,0,0,Corethrellidae
2347500,47001,209900,165,46,12,397,Culicidae
0,0,0,0,0,0,0,Deuterophlebiidae
28183,851,549,0,1,0,0,Diadocidiidae
56427,2862,18590,61,19,11,414,Diopsidae
0,0,0,0,0,0,0,Dixidae
306908,7784,22432,9,3,0,21,Dolichopodidae
271492,5090,126309,2,3,2,41,Drosophilidae
18946,3878,3262,0,2,0,1,Dryomyzidae
194818,13229,36217,6,16,0,66,Empididae
162344,1625,1276,0,0,0,1,Ephydridae
434,32,22,0,0,0,0,Fanniidae
0,0,0,0,0,0,0,Fergusoninidae
72481,3221,1838,6,0,0,8,Glossinidae
0,0,0,0,0,0,0,Helcomyzidae
0,0,0,0,0,0,0,Helosciomyzidae
0,0,0,0,0,0,0,Hesperinidae
0,0,0,0,0,0,0,Heterocheilidae
0,0,0,0,0,0,0,Hilarimorphidae
33697,1455,5013,2,1,0,1,Hippoboscidae
81051,4001,13183,0,2,0,5,Hybotidae
205975,6661,4507,1,1,2,11,Keroplatidae
79028,2635,9179,12,2,0,53,Lauxaniidae
15541,2913,3893,0,1,0,2,Lonchaeidae
52002,2230,5520,6,3,0,67,Lonchopteridae
28183,851,549,0,1,0,0,Lygistorrhinidae
0,0,0,0,0,0,0,Marginidae
146596,4427,100711,3,6,1,69,Micropezidae
25,13,8,0,0,0,1,Milichiidae
555606,15438,31430,13,6,0,46,Muscidae
184407,6588,6265,5,2,0,29,Mycetophilidae
39960,4426,39121,20,19,2,340,Mydidae
143,212,81,0,1,0,2,Mythicomyiidae
3390,134,125,0,0,0,0,Nemestrinidae
0,0,0,0,0,0,0,Neurochaetidae
116390,5145,3865,1,5,1,20,Nycteribiidae
0,0,0,0,0,0,0,Odiniidae
48568,1182,47415,3,5,0,28,Oestridae
0,0,0,0,0,0,0,Opomyzidae
13206,1779,4637,1,0,0,10,Pachyneuridae
129,106,69,0,2,0,2,Pallopteridae
0,0,0,0,0,0,0,Pelecorhynchidae
0,0,0,0,0,0,0,Periscelididae
0,0,0,0,0,0,0,Perissommatidae
71060,3820,45044,1,4,0,55,Phoridae
0,0,0,0,0,0,0,Piophilidae
2017,20,103,0,0,0,0,Pipunculidae
0,0,0,0,0,0,0,Platypezidae
19820,3568,7467,1,0,1,7,Platystomatidae
0,0,0,0,0,0,0,Pleciidae
2268,868,7136,10,1,1,70,Psilidae
297385,15901,70311,41,16,6,247,Psychodidae
12299,4731,3654,1,4,0,14,Ptychopteridae
8019,371,3311,2,0,0,9,Pyrgotidae
258518,6105,3202,0,0,0,1,Rhagionidae
84549,2553,1647,0,0,0,7,Rhinophoridae
28183,851,549,0,0,0,3,Richardiidae
495899,30067,63298,51,26,9,244,Sarcophagidae
128283,7879,12585,18,5,0,90,Scathophagidae
34405,598,46457,0,1,0,1,Scatopsidae
177914,3,56,0,0,0,0,Scenopinidae
0,0,0,0,0,0,0,Sciardoceridae
381192,5092,104909,4,9,0,46,Sciaridae
225838,10585,45927,1,6,0,34,Sciomyzidae
150858,5982,13110,14,6,0,54,Sepsidae
392742,22761,80713,12,19,3,128,Simuliidae
0,0,0,0,0,0,0,Somatiidae
54540,3185,10660,0,1,0,3,Sphaeroceridae
72726,7453,46697,3,9,1,51,Stratiomyidae
0,0,0,0,0,0,0,Streblidae
84549,2553,1647,0,0,0,2,Strongylophthalmyiidae
0,0,0,0,0,0,0,Synneuridae
1981016,94204,393201,134,67,14,685,Syrphidae
282307,64930,72220,12,3,1,62,Tabanidae
395861,20755,43586,43,18,2,244,Tachinidae
0,0,0,0,0,0,0,Tanyderidae
970657,11903,104576,22,15,1,144,Tephritidae
0,0,0,0,0,0,0,Thaumaleidae
50548,3285,14558,22,3,2,84,Therevidae
1309809,56017,751499,270,139,40,2613,Tipulidae
67337,7762,16119,3,3,0,25,Trichoceridae
157404,1856,1505,1,1,0,24,Ulidiidae
0,0,0,0,0,0,0,Vermileonidae
0,0,0,0,0,0,0,Xenasteiidae
0,0,0,0,0,0,0,Xylomyidae
40836,0,10,0,0,0,0,Xylophagidae
0,0,0,0,0,0,0,Anisembiidae
0,0,0,0,0,0,0,Australembiidae
0,0,0,0,0,0,0,Clothodidae
0,0,0,0,0,0,0,Embiidae
0,0,0,0,0,0,0,Notoligotomidae
0,0,0,0,0,0,0,Oligotomidae
0,0,0,0,0,0,0,Teratembiidae
0,0,0,0,0,0,0,Acanthametropodidae
0,0,0,0,0,0,0,Ameletidae
0,0,0,0,0,0,0,Ameletopsidae
0,0,0,0,0,0,0,Ametropodidae
1511301,9598,26290,5,3,0,14,Baetidae
0,0,0,0,0,0,0,Baetiscidae
0,0,0,0,0,0,0,Behningiidae
5487378,66156,53026,5,27,0,9,Caenidae
0,0,0,0,0,0,0,Coloburiscidae
0,0,0,0,0,0,0,Dipteromimidae
0,0,0,0,0,0,0,Ephemerellidae
8172,789,859,0,0,0,0,Ephemeridae
7197,2,136,0,0,0,0,Euthyplociidae
42429,734,5469,0,2,0,2,Heptageniidae
0,0,0,0,0,0,0,Ichthybotidae
3451,1607,1508,0,1,0,7,Isonychiidae
0,0,0,0,0,0,0,Leptohyphidae
39407,757,4966,0,1,0,9,Leptophlebiidae
0,0,0,0,0,0,0,Metretopodidae
0,0,0,0,0,0,0,Neoephemeridae
0,0,0,0,0,0,0,Nesameletidae
0,0,0,0,0,0,0,Oligoneuriidae
0,0,0,0,0,0,0,Oniscigastridae
0,0,0,0,0,0,0,Palingeniidae
0,0,0,0,0,0,0,Polymitarcyidae
0,0,0,0,0,0,0,Potamanthidae
680,386,536,5,4,0,24,Prosopistomatidae
0,0,0,0,0,0,0,Rallidentidae
0,0,0,0,0,0,0,Siphlaenigmatidae
0,0,0,0,0,0,0,Siphlonuridae
0,0,0,0,0,0,0,Teloganodidae
0,0,0,0,0,0,0,Tricorythidae
0,0,0,0,0,0,0,Grylloblat
76163,3546,3317,2,1,1,16,Acanthosomatidae
0,0,0,0,0,0,0,Achilidae
0,0,0,0,0,0,0,Achilixiidae
0,0,0,0,0,0,0,Aetalionidae
0,0,0,0,0,0,0,Aleyrodoidea
284298,6991,56636,0,3,0,16,Alydidae
7101,1235,2531,0,2,0,2,Anthocoridae
0,0,0,0,0,0,0,Aphelocheiridae
29138,1929,3789,0,2,0,4,Aphidoidea
12951,1959,1872,12,2,0,44,Aphrophoridae
17977,652,816,0,0,0,0,Aradidae
237936,21753,239688,34,34,18,738,Belostomatidae
2994,546,3384,0,0,0,8,Berytidae
7197,2,136,0,0,0,0,Caliscelidae
0,0,0,0,0,0,0,Canopidae
196333,2802,41842,10,17,5,154,Cercopidae
731778,13918,256904,107,68,16,1027,Cicadellidae
939763,71700,380114,205,70,28,816,Cicadidae
324535,3183,5053,10,4,2,2,Cimicidae
57270,652,8122,1,0,0,3,Cixiidae
6887,159,20870,1,1,0,54,Clastopteridae
101289,5277,54443,13,4,2,33,Coccoidea
0,0,0,0,0,0,0,Colobathristidae
912600,59782,666029,77,89,13,1125,Coreidae
62512,4640,8840,0,2,0,4,Corixidae
61876,3606,1882,0,2,0,7,Cydnidae
40066,6412,10995,0,1,0,7,Delphacidae
44594,385,45612,11,18,5,192,Derbidae
10016,2307,4548,1,2,0,27,Dictyopharidae
30443,3,3857,0,0,0,1,Dinidoridae
61793,1439,5449,3,2,1,12,Dipsocoridae
0,0,0,0,0,0,0,Epipygidae
0,0,0,0,0,0,0,Enicocephalidae
0,0,0,0,0,0,0,Eurybrachyidae
22560,4862,7372,0,0,0,4,Flatidae
208257,1744,11481,75,6,2,280,Fulgoridae
0,0,0,0,0,0,0,Gelastocoridae
104493,5386,159577,9,5,3,200,Gerridae
0,0,0,0,0,0,0,Hebridae
0,0,0,0,0,0,0,Hermatobatidae
0,0,0,0,0,0,0,Hydrometridae
0,0,0,0,0,0,0,Hyocephalidae
0,0,0,0,0,0,0,Idiostolidae
1324,196,139,0,2,0,2,Issidae
0,0,0,0,0,0,0,Joppeicidae
6499,1091,182,0,0,0,2,Largidae
30443,3,3857,0,0,0,1,Leptopodidae
0,0,0,0,0,0,0,Lestoniidae
840,306,385,6,0,0,56,Lophopidae
0,0,0,0,0,0,0,Lyctocoridae
246612,6959,69335,8,10,0,59,Lygaeidae
0,0,0,0,0,0,0,Machaerotidae
0,0,0,0,0,0,0,Macroveliidae
0,0,0,0,0,0,0,Malcidae
0,0,0,0,0,0,0,Meenoplidae
331701,23568,170698,31,32,8,319,Membracidae
0,0,0,0,0,0,0,Mesoveliidae
0,0,0,0,0,0,0,Microphysidae
204611,22895,50621,5,19,0,45,Miridae
0,0,0,0,0,0,0,Myerslopiidae
18582,4453,3527,3,3,1,15,Nabidae
15988,454,292,0,2,0,0,Naucoridae
43886,2620,22022,0,5,0,6,Nepidae
0,0,0,0,0,0,0,Nogodinidae
205265,1680,5633,0,1,0,3,Notonectidae
0,0,0,0,0,0,0,Ochteridae
0,0,0,0,0,0,0,Paraphrynoveliidae
0,0,0,0,0,0,0,Peloridiidae
1393917,56897,824633,32,47,0,369,Pentatomidae
0,0,0,0,0,0,0,Phloeidae
0,0,0,0,0,0,0,Phylloxeroidea
0,0,0,0,0,0,0,Phymatidae
0,0,0,0,0,0,0,Piesmatidae
7146,56,3493,14,1,0,55,Plataspidae
0,0,0,0,0,0,0,Pleidae
0,0,0,0,0,0,0,Plokiophilidae
3054,630,428,2,0,0,11,Psylloidea
147788,6234,81844,1,12,0,57,Pyrrhocoridae
833687,36401,439723,114,64,11,801,Reduviidae
113757,8271,40417,6,6,1,52,Rhopalidae
6006,110,6658,1,0,0,11,Ricaniidae
7166,1296,1088,0,0,0,0,Saldidae
30443,3,3857,0,0,0,1,Schizopteridae
467764,8848,84819,36,21,3,341,Scutelleridae
1023,591,637,2,0,0,12,Stenocephalidae
7198,2,136,0,0,0,0,Termitaphididae
17538,191,3407,26,2,2,129,Tessaratomidae
0,0,0,0,0,0,0,Tettigometridae
0,0,0,0,0,0,0,Thaumastocoridae
890085,3178,15289,13,5,1,85,Tingidae
30443,3,3857,0,0,0,1,Tropiduchidae
19,27,26,2,0,0,13,Veliidae
0,0,0,0,0,0,0,Velocipedidae
3417,414,399,0,0,0,5,Agaonidae
0,0,0,0,0,0,0,Ampulicidae
0,0,0,0,0,0,0,Anaxyelidae
289270,23276,36681,12,24,0,116,Andrenidae
17585,878,3069,6,7,0,35,Aphelinidae
3146695,77289,271949,188,47,11,710,Apidae
238416,6077,25876,0,4,0,3,Argidae
57885,2,409,0,1,0,0,Aulacidae
104411,7567,4580,0,1,0,21,Bethylidae
0,0,0,0,0,0,0,Blasticotomidae
273454,16413,94377,18,20,4,115,Braconidae
57885,2,409,0,1,0,0,Bradynobaenidae
99487,200,2819,6,4,0,30,Cephidae
10310,674,946,1,6,0,13,Ceraphronidae
87369,3563,9242,5,7,0,53,Chalcididae
363121,20059,33908,19,11,1,177,Chrysididae
103409,4582,18195,0,3,0,13,Cimbicidae
42405,6914,10195,4,3,0,15,Colletidae
91105,2594,28815,5,6,0,98,Crabronidae
86163,2324,1813,12,9,0,49,Cynipidae
6006,541,1303,3,1,1,14,Diapriidae
453,553,109,0,0,0,2,Diprionidae
61066,292,4032,1,0,0,2,Encyrtidae
41607,423,973,0,2,0,1,Eucharitidae
107551,14400,16639,25,4,0,169,Eulophidae
37641,5,3993,2,0,0,1,Eupelmidae
10615,416,535,0,0,0,2,Eurytomidae
148243,5364,125076,28,13,4,193,Evaniidae
21594,6,408,0,0,0,0,Figitidae
1902888,76845,116586,82,43,10,638,Formicidae
1942,344,1034,0,0,0,3,Gasteruptiidae
641138,14643,81379,60,19,7,250,Halictidae
0,0,0,0,0,0,0,Heloridae
0,0,0,0,0,0,0,Ibaliidae
1642658,42031,309623,203,63,13,1004,Ichneumonidae
1893,2431,766,0,2,0,7,Liopteridae
0,0,0,0,0,0,0,Maamingidae
227252,19332,27367,33,19,2,288,Megachilidae
0,0,0,0,0,0,0,Megalodontesidae
0,0,0,0,0,0,0,Megalyridae
0,0,0,0,0,0,0,Megaspilidae
33313,5091,10274,21,4,2,106,Melittidae
679,56,2077,0,0,0,2,Monomachidae
414575,50110,178359,21,27,5,391,Mutillidae
82958,11665,15244,13,11,1,112,Mymaridae
0,0,0,0,0,0,0,Mymarommatidae
0,0,0,0,0,0,0,Orussidae
50687,0,273,0,1,0,0,Pamphiliidae
0,0,0,0,0,0,0,Pelecinidae
93151,3220,26841,7,2,2,25,Pergidae
0,0,0,0,0,0,0,Perilampidae
49803,1133,2423,2,2,1,12,Platygastridae
0,0,0,0,0,0,0,Plumariidae
1011120,33298,410914,43,37,1,629,Pompilidae
0,0,0,0,0,0,0,Proctotrupidae
155351,2307,61389,10,2,0,30,Pteromalidae
0,0,0,0,0,0,0,Roproniidae
0,0,0,0,0,0,0,Rotoitidae
32919,2872,5011,2,0,0,20,Sapygidae
685962,445,5842,3,1,0,10,Scelionidae
0,0,0,0,0,0,0,Scolebythidae
263401,2051,95838,2,3,1,36,Scoliidae
162390,1978,12210,2,1,0,3,Siricidae
0,0,0,0,0,0,0,Sierolomorphidae
165302,6860,182712,65,64,21,992,Sphecidae
9235,654,611,0,0,0,0,Stenotritidae
142863,4866,10711,1,1,0,6,Stephanidae
291508,2913,10930,0,2,0,18,Tenthredinidae
0,0,0,0,0,0,0,Tetracampidae
23343,3,139,0,0,0,0,Tiphiidae
5189,309,2946,0,1,0,11,Torymidae
39442,1130,1797,1,0,0,2,Trichogrammatidae
0,0,0,0,0,0,0,Trigonalidae
0,0,0,0,0,0,0,Vanhorniidae
4566707,123081,461959,65,131,8,601,Vespidae
7198,2,136,0,0,0,0,Xiphydriidae
725,417,757,0,1,0,2,Xyelidae
573,44,132,1,0,0,2,Hodotermitidae
82967,2028,1247,1,2,0,7,Kalotermitidae
573,44,132,1,0,0,2,Mastotermitidae
19597,903,3270,1,1,0,4,Rhinotermitidae
30854,1232,255,0,0,0,0,Serritermitidae
152899,8716,4258,1,3,0,1,Termitidae
0,0,0,0,0,0,0,Termopsidae
0,0,0,0,0,0,0,Acanthopteroctetidae
0,0,0,0,0,0,0,Acrolophidae
284771,13728,34680,14,7,1,74,Adelidae
0,0,0,0,0,0,0,Agathiphagidae
0,0,0,0,0,0,0,Agonoxenidae
0,0,0,0,0,0,0,Aididae
223733,2634,3422,0,5,1,4,Alucitidae
0,0,0,0,0,0,0,Amphisbatidae
0,0,0,0,0,0,0,Andesianidae
0,0,0,0,0,0,0,Anomoeotidae
50,99,138,4,0,0,19,Anthelidae
0,0,0,0,0,0,0,Apatelodidae
78614,5703,13596,5,5,0,44,Arctiidae
0,0,0,0,0,0,0,Argyresthiidae
0,0,0,0,0,0,0,Arrhenophanidae
30443,3,3857,0,0,0,0,Autostichidae
0,0,0,0,0,0,0,Batrachedridae
0,0,0,0,0,0,0,Bedelliidae
40651,0,184,0,0,0,0,Blastobasidae
6937,499,20872,0,1,0,6,Bombycidae
0,0,0,0,0,0,0,Brachodidae
160556,6869,70083,36,4,1,97,Brahmaeidae
32386,4,3867,0,0,0,0,Bucculatricidae
0,0,0,0,0,0,0,Callidulidae
0,0,0,0,0,0,0,Carposinidae
0,0,0,0,0,0,0,Carthaeidae
818371,3816,16053,2,3,0,7,Castniidae
0,0,0,0,0,0,0,Choreutidae
0,0,0,0,0,0,0,Cimeliidae
103539,3,4072,0,0,0,1,Coleophoridae
0,0,0,0,0,0,0,Copromorphidae
15474,811,811,7,1,0,15,Cosmopterigidae
8975,912,3821,1,2,0,3,Cossidae
508694,17399,67004,32,12,5,286,Crambidae
0,0,0,0,0,0,0,Crinopterygidae
13906,3580,1800,8,5,4,48,Cyclotornidae
870423,11185,57968,29,12,1,193,Dalceridae
0,0,0,0,0,0,0,Deoclonidae
0,0,0,0,0,0,0,Deuterogoniidae
0,0,0,0,0,0,0,Douglasiidae
242086,18048,23687,15,8,1,121,Drepanidae
0,0,0,0,0,0,0,Dudgeoneidae
35,95,28,0,1,0,0,Elachistidae
0,0,0,0,0,0,0,Endromidae
36987,1313,4940,1,0,0,1,Epicopeiidae
13906,3580,1800,7,4,4,45,Epipyropidae
0,0,0,0,0,0,0,Eriocottidae
44359,195,492,5,0,0,38,Eriocraniidae
0,0,0,0,0,0,0,Eupterotidae
134288,5853,11013,1,2,0,22,Gelechiidae
1273522,103489,324224,73,55,13,605,Geometridae
0,0,0,0,0,0,0,Glyphidoceridae
0,0,0,0,0,0,0,Glyphipterigidae
224986,1185,1884,37,9,5,224,Gracillariidae
0,0,0,0,0,0,0,Hedylidae
14828,2754,3054,4,0,0,39,Heliozelidae
94128,14647,19262,7,1,1,57,Hepialidae
206660,7669,73133,12,11,0,95,Hesperiidae
0,0,0,0,0,0,0,Heterobathmiidae
0,0,0,0,0,0,0,Heterogynidae
0,0,0,0,0,0,0,Himantopteridae
0,0,0,0,0,0,0,Hyblaeidae
48199,428,624,0,1,0,2,Immidae
33168,2463,4748,3,4,0,17,Incurvariidae
0,0,0,0,0,0,0,Lacturidae
75020,4428,21513,34,7,8,241,Lasiocampidae
139630,9,361,0,0,0,0,Lecithoceridae
0,0,0,0,0,0,0,Lemoniidae
1120147,207788,635174,1103,204,175,3549,Limacodidae
1156109,31410,57417,172,30,7,768,Lycaenidae
69691,2553,14826,0,1,0,16,Lymantriidae
310,2246,512,3,1,0,12,Lyonetiidae
71952,1752,74136,9,7,1,200,Megalopygidae
522133,29412,42664,6,32,1,219,Micropterigidae
9215,22,239,0,0,0,0,Mimallonidae
0,0,0,0,0,0,0,Mirinidae
0,0,0,0,0,0,0,Mnesarchaeidae
12520,2363,2620,0,0,0,22,Momphidae
0,0,0,0,0,0,0,Neopseustidae
10619,1323,1662,10,5,0,87,Nepticulidae
2271414,140129,318221,17,49,1,159,Noctuidae
175950,39045,52223,14,5,0,130,Notodontidae
2618137,141713,584839,445,60,13,1900,Nymphalidae
9958,202,326,1,1,0,0,Oecophoridae
2287,1018,683,3,2,0,25,Opostegidae
0,0,0,0,0,0,0,Palaephatidae
453818,20760,188027,296,44,19,1433,Papilionidae
0,0,0,0,0,0,0,Peleopodidae
38612171,181677,934526,50,26,9,213,Pieridae
27479,844,1064,0,0,0,0,Plutellidae
253,146,63,0,0,0,4,Prodoxidae
0,0,0,0,0,0,0,Prototheoridae
29482294,64871,160796,37,62,11,260,Psychidae
0,0,0,0,0,0,0,Pterolonchidae
343695,9097,319737,12,13,2,124,Pterophoridae
2151228,35609,54212,9,6,0,23,Pyralidae
194298,8626,31595,18,5,1,141,Riodinidae
0,0,0,0,0,0,0,Roeslerstammiidae
1852519,54825,250238,198,77,20,1531,Saturniidae
0,0,0,0,0,0,0,Sematuridae
305334,48663,68823,59,8,1,891,Sesiidae
0,0,0,0,0,0,0,Somabrachyidae
1292996,148621,600450,303,88,45,1585,Sphingidae
3893,175,3478,11,1,0,39,Thyrididae
144567,8958,55501,3,7,3,93,Tineidae
0,0,0,0,0,0,0,Tineodidae
378,101,281,5,0,0,17,Tischeriidae
962092,63994,59953,5,2,0,10,Tortricidae
6475,866,3619,31,1,3,152,Uraniidae
43854,3826,902029,54,3,1,72,Urodidae
0,0,0,0,0,0,0,Xyloryctidae
7392,142,2527,33,7,4,232,Yponomeutidae
0,0,0,0,0,0,0,Ypsolophidae
252794,21289,77979,52,15,9,254,Zygaenidae
212871,0,184,0,0,0,0,Acanthopidae
0,0,0,0,0,0,0,Amorphoscelidae
0,0,0,0,0,0,0,Chaeteessidae
11800,694,1007,12,6,3,22,Empusidae
0,0,0,0,0,0,0,Eremiaphilidae
548427,58584,206820,106,13,9,405,Hymenopodidae
0,0,0,0,0,0,0,Iridopterygidae
6155,1467,6518,7,5,2,31,Liturgusidae
873327,338937,507272,55,24,5,196,Mantidae
0,0,0,0,0,0,0,Mantoididae
0,0,0,0,0,0,0,Metallyticidae
0,0,0,0,0,0,0,Paraoxypilidae
0,0,0,0,0,0,0,Sibyllidae
10907,1436,226,0,1,0,0,Tarachodidae
9188041,220332,655593,465,433,6,3749,Thespidae
0,0,0,0,0,0,0,Toxoderidae
0,0,0,0,0,0,0,Mantophasm
0,0,0,0,0,0,0,Apteropanorpidae
6888,159,20872,14,10,1,183,Bittacidae
25,59,77,0,0,0,6,Boreidae
0,0,0,0,0,0,0,Choristidae
13939,440,4936,17,0,0,68,Meropeidae
0,0,0,0,0,0,0,Nannochoristidae
8034,614,12460,0,1,0,3,Panorpidae
0,0,0,0,0,0,0,Panorpodidae
41494,8729,18718,4,6,0,39,Corydalidae
20085,1420,1568,2,2,1,10,Sialidae
156156,4881,10304,0,10,0,34,Ascalaphidae
27120,497,562,0,1,0,0,Berothidae
295839,10472,210692,21,21,7,234,Chrysopidae
49143,500,1686,0,1,0,2,Coniopterygidae
49326,6959,4780,6,1,0,20,Hemerobiidae
38375,3,4226,0,0,0,0,Ithonidae
237745,11854,112965,80,32,17,640,Mantispidae
145125,6728,132344,45,25,6,529,Myrmeleontidae
12712,3597,5209,1,3,0,18,Nemopteridae
72,41,40,0,1,0,0,Nevrorthidae
353,388,378,0,0,0,1,Nymphidae
35897,1251,13183,3,1,0,14,Osmylidae
0,0,0,0,0,0,0,Polystoechotidae
0,0,0,0,0,0,0,Psychopsidae
8019,371,3311,6,0,0,22,Sisyridae
47483,2914,2487,2,0,0,13,Aeshnidae
0,0,0,0,0,0,0,Austropetaliidae
0,0,0,0,0,0,0,Chlorogomphidae
7694,162,175,0,1,0,0,Cordulegastridae
0,0,0,0,0,0,0,Corduliidae
67208,41,3963,0,0,0,0,Gomphidae
15997002,663068,1028457,10,210,2,517,Libellulidae
65414,2,308,0,0,0,0,Macromiidae
0,0,0,0,0,0,0,Neopetaliidae
10801,5021,471,0,12,0,14,Petaluridae
1425,1,448,15,3,0,30,Synthemistidae
0,0,0,0,0,0,0,Epiophlebiidae
0,0,0,0,0,0,0,Amphyipterygidae
44208,361,7356,15,0,1,62,Calopterygidae
33055,0,83,0,0,0,0,Chlorocyphidae
0,0,0,0,0,0,0,Chorismagrionidae
55193,3501,5306,1,2,0,4,Coenagrionidae
0,0,0,0,0,0,0,Dicteriadidae
0,0,0,0,0,0,0,Diphlebiidae
0,0,0,0,0,0,0,Euphaeidae
0,0,0,0,0,0,0,Hemiphlebiidae
3142633,25170,39091,6,59,0,136,Isostictidae
8812,464,998,0,0,0,1,Lestidae
0,0,0,0,0,0,0,Megapodagrionidae
0,0,0,0,0,0,0,Perilestidae
45757,1671,4582,0,1,0,0,Platycnemididae
0,0,0,0,0,0,0,Platystictidae
0,0,0,0,0,0,0,Polythoridae
0,0,0,0,0,0,0,Protoneuridae
0,0,0,0,0,0,0,Pseudolestidae
0,0,0,0,0,0,0,Pseudostigmatidae
4406,232,499,0,0,0,0,Synlestidae
374973,50511,103372,29,16,3,139,Acrididae
0,0,0,0,0,0,0,Chorotypidae
0,0,0,0,0,0,0,Cylindrachetidae
0,0,0,0,0,0,0,Episactidae
34298,2457,892532,35,2,0,64,Eumastacidae
0,0,0,0,0,0,0,Euschmidtiidae
0,0,0,0,0,0,0,Lentulidae
3156,1606,1361,2,2,0,10,Pamphagidae
0,0,0,0,0,0,0,Pneumoridae
24407,947,21047,0,6,0,28,Proscopiidae
145278,2420,2972,0,0,0,1,Pyrgomorphidae
0,0,0,0,0,0,0,Rhipipterygidae
10979,4194,43394,23,10,2,230,Romaleidae
0,0,0,0,0,0,0,Tanaoceridae
13961,1231,10072,18,2,1,109,Tetrigidae
0,0,0,0,0,0,0,Thericleidae
0,0,0,0,0,0,0,Tridactylidae
2961,2029,9989,26,5,1,200,Trigonopterygidae
0,0,0,0,0,0,0,Xyronotidae
64531,63,10269,1,0,0,2,Anostostomatidae
2803,576,9632,8,1,0,77,Gryllacrididae
3036362,26086,13582,1,7,2,47,Gryllidae
182439,5768,298851,1,3,1,36,Gryllotalpidae
0,0,0,0,0,0,0,Myrmecophilidae
0,0,0,0,0,0,0,Prophalangopsidae
33611,358,192,0,0,0,0,Rhaphidophoridae
1798389,123525,198728,11,3,0,36,Stenopelmatidae
334668,11064,30969,15,13,1,65,Tettigoniidae
0,0,0,0,0,0,0,Agathemeridae
0,0,0,0,0,0,0,Aschiphasmatidae
0,0,0,0,0,0,0,Bacillidae
13067,2669,2197,1,0,0,6,Diapheromeridae
715,195,28,0,0,0,1,Heteronemiidae
0,0,0,0,0,0,0,Heteropterygidae
124482,3945,6400,1,3,0,5,Phasmatidae
208029,37282,714253,287,13,14,1394,Phylliidae
6993,281,8347,4,2,0,11,Pseudophasmatidae
0,0,0,0,0,0,0,Timematidae
0,0,0,0,0,0,0,Boopidae
49121,840,23819,0,0,0,12,Echinophthiriidae
0,0,0,0,0,0,0,Gyropidae
0,0,0,0,0,0,0,Haematomyzidae
0,0,0,0,0,0,0,Heptapsogasteridae
0,0,0,0,0,0,0,Hoplopleuridae
0,0,0,0,0,0,0,Laemobothriidae
0,0,0,0,0,0,0,Linognathidae
0,0,0,0,0,0,0,Menoponidae
0,0,0,0,0,0,0,Pedicinidae
748691,1090,5768,16,2,0,17,Pediculidae
84597,3379,18427,7,0,1,15,Philopteridae
0,0,0,0,0,0,0,Polyplacidae
0,0,0,0,0,0,0,Pthiridae
0,0,0,0,0,0,0,Ricinidae
0,0,0,0,0,0,0,Trichodectidae
318,94,235,0,0,0,1,Austroperlidae
160776,3339,1561,0,1,0,3,Capniidae
48682969,129879,2723996,5,1,0,35,Chloroperlidae
74,40,204,0,1,0,1,Diamphipnoidae
0,0,0,0,0,0,0,Eustheniidae
643,2094,672,0,0,0,2,Gripopterygidae
89836,3584,9821,2,1,0,16,Leuctridae
105993,1914,10514,3,1,0,31,Nemouridae
0,0,0,0,0,0,0,Notonemouridae
47,25,3,0,0,0,0,Peltoperlidae
707623,20056,21261,2,3,0,10,Perlidae
42406,693,5460,0,0,0,1,Perlodidae
0,0,0,0,0,0,0,Pteronarcyidae
0,0,0,0,0,0,0,Scopuridae
0,0,0,0,0,0,0,Styloperlidae
30443,3,3857,0,0,0,0,Taeniopterygidae
0,0,0,0,0,0,0,Acerentomidae
0,0,0,0,0,0,0,Berberentomidae
40651,0,184,0,0,0,0,Eosentomidae
0,0,0,0,0,0,0,Fujientomidae
0,0,0,0,0,0,0,Hesperentomidae
0,0,0,0,0,0,0,Sinentomidae
0,0,0,0,0,0,0,Amphientomidae
0,0,0,0,0,0,0,Amphipsocidae
0,0,0,0,0,0,0,Archipsocidae
0,0,0,0,0,0,0,Asiopsocidae
0,0,0,0,0,0,0,Caeciliusidae
0,0,0,0,0,0,0,Calopsocidae
0,0,0,0,0,0,0,Compsocidae
0,0,0,0,0,0,0,Dasydemellidae
0,0,0,0,0,0,0,Ectopsocidae
0,0,0,0,0,0,0,Electrentomidae
0,0,0,0,0,0,0,Elipsocidae
0,0,0,0,0,0,0,Epipsocidae
0,0,0,0,0,0,0,Hemipsocidae
0,0,0,0,0,0,0,Lachesillidae
0,0,0,0,0,0,0,Lepidopsocidae
0,0,0,0,0,0,0,Liposcelididae
0,0,0,0,0,0,0,Mesopsocidae
0,0,0,0,0,0,0,Musapsocidae
0,0,0,0,0,0,0,Myopsocidae
0,0,0,0,0,0,0,Pachytroctidae
0,0,0,0,0,0,0,Peripsocidae
0,0,0,0,0,0,0,Philotarsidae
0,0,0,0,0,0,0,Prionoglarididae
0,0,0,0,0,0,0,Pseudocaeciliidae
0,0,0,0,0,0,0,Psilopsocidae
36108,9009,9001,0,1,0,1,Psocidae
0,0,0,0,0,0,0,Psoquillidae
0,0,0,0,0,0,0,Psyllipsocidae
0,0,0,0,0,0,0,Sphaeropsocidae
0,0,0,0,0,0,0,Stenopsocidae
0,0,0,0,0,0,0,Trichopsocidae
0,0,0,0,0,0,0,Troctopsocidae
0,0,0,0,0,0,0,Trogiidae
0,0,0,0,0,0,0,Inocelliidae
78005,2521,12879,0,0,0,2,Raphidiidae
0,0,0,0,0,0,0,Ceratophyllidae
0,0,0,0,0,0,0,Chimaeropsyllidae
0,0,0,0,0,0,0,Coptopsyllidae
0,0,0,0,0,0,0,Ctenophthalmidae
0,0,0,0,0,0,0,Hystrichopsyllidae
0,0,0,0,0,0,0,Ischnopsyllidae
0,0,0,0,0,0,0,Leptopsyllidae
0,0,0,0,0,0,0,Lycopsyllidae
0,0,0,0,0,0,0,Macropsyllidae
0,0,0,0,0,0,0,Pulicidae
0,0,0,0,0,0,0,Pygiopsyllidae
0,0,0,0,0,0,0,Rhopalopsyllidae
0,0,0,0,0,0,0,Stephanocircidae
0,0,0,0,0,0,0,Stivaliidae
0,0,0,0,0,0,0,Vermipsyllidae
0,0,0,0,0,0,0,Strepsipte
0,0,0,0,0,0,0,Aeolothripidae
0,0,0,0,0,0,0,Heterothripidae
44421,4159,5993,0,0,0,0,Phlaeothripidae
146823,1115,1042,0,0,0,2,Thripidae
0,0,0,0,0,0,0,Anomalopsychidae
0,0,0,0,0,0,0,Apataniidae
0,0,0,0,0,0,0,Atriplectididae
0,0,0,0,0,0,0,Beraeidae
0,0,0,0,0,0,0,Brachycentridae
98277,1179,4389,2,2,3,11,Calamoceratidae
0,0,0,0,0,0,0,Calocidae
0,0,0,0,0,0,0,Chathamiidae
0,0,0,0,0,0,0,Conoesucidae
0,0,0,0,0,0,0,Dipseudopsidae
0,0,0,0,0,0,0,Ecnomidae
13481,2857,2741,1,1,0,1,Glossosomatidae
0,0,0,0,0,0,0,Goeridae
0,0,0,0,0,0,0,Helicophidae
13869,1361,489,1,1,0,1,Helicopsychidae
3583,648,544,0,0,0,0,Hydrobiosidae
151628,8488,24099,0,4,2,6,Hydropsychidae
35294,659,3003,0,1,0,4,Hydroptilidae
0,0,0,0,0,0,0,Hydrosalpingidae
0,0,0,0,0,0,0,Kokiriidae
11048,406,399,0,0,0,5,Lepidostomatidae
65919,2760,8934,0,1,0,2,Leptoceridae
312146,5712,156949,6,8,1,36,Limnephilidae
0,0,0,0,0,0,0,Limnocentropodidae
0,0,0,0,0,0,0,Molannidae
30443,3,3857,0,0,0,0,Odontoceridae
0,0,0,0,0,0,0,Oeconesidae
0,0,0,0,0,0,0,Philopotamidae
0,0,0,0,0,0,0,Philorheithridae
14427,2798,1857,0,3,0,2,Phryganeidae
0,0,0,0,0,0,0,Phryganopsychidae
0,0,0,0,0,0,0,Pisuliidae
0,0,0,0,0,0,0,Polycentropodidae
2376,398,897,1,1,1,2,Psychomyiidae
0,0,0,0,0,0,0,Rhyacophilidae
0,0,0,0,0,0,0,Sericostomatidae
0,0,0,0,0,0,0,Stenopsychidae
0,0,0,0,0,0,0,Tasimiidae
0,0,0,0,0,0,0,Uenoidae
0,0,0,0,0,0,0,Xiphocentronidae
19275,2692,984,0,2,0,6,Zoraptera
0,0,0,0,0,0,0,Lepidotrichidae
34405,598,46471,0,1,0,5,Lepismatidae
7198,2,136,0,0,0,0,Nicoletiidae
1825,127,62,0,1,0,1,Grylloblattidae
259175,3180,9223,2,5,0,16,Mantophasmatodea
385662,21044,35326,33,23,5,171,Strepsiptera
19275,2692,984,0,2,0,6,Zoraptera
